Title,Price,Rating,Availability,Genre
A Light in the Attic,£51.77,3,In stock,Poetry
Tipping the Velvet,£53.74,1,In stock,Historical Fiction
Soumission,£50.10,1,In stock,Fiction
Sharp Objects,£47.82,4,In stock,Mystery
Sapiens: A Brief History of Humankind,£54.23,5,In stock,History
The Requiem Red,£22.65,1,In stock,Young Adult
The Dirty Little Secrets of Getting Your Dream Job,£33.34,4,In stock,Business
"The Coming Woman: A Novel Based on the Life of the Infamous Feminist, Victoria Woodhull",£17.93,3,In stock,Default
The Boys in the Boat: Nine Americans and Their Epic Quest for Gold at the 1936 Berlin Olympics,£22.60,4,In stock,Default
The Black Maria,£52.15,1,In stock,Poetry
"Starving Hearts (Triangular Trade Trilogy, #1)",£13.99,2,In stock,Default
Shakespeare's Sonnets,£20.66,4,In stock,Poetry
Set Me Free,£17.46,5,In stock,Young Adult
Scott Pilgrim's Precious Little Life (Scott Pilgrim #1),£52.29,5,In stock,Sequential Art
Rip it Up and Start Again,£35.02,5,In stock,Music
"Our Band Could Be Your Life: Scenes from the American Indie Underground, 1981-1991",£57.25,3,In stock,Music
Olio,£23.88,1,In stock,Poetry
Mesaerion: The Best Science Fiction Stories 1800-1849,£37.59,1,In stock,Science Fiction
Libertarianism for Beginners,£51.33,2,In stock,Politics
It's Only the Himalayas,£45.17,2,In stock,Travel
In Her Wake,£12.84,1,In stock,Thriller
How Music Works,£37.32,2,In stock,Music
"Foolproof Preserving: A Guide to Small Batch Jams, Jellies, Pickles, Condiments, and More: A Foolproof Guide to Making Small Batch Jams, Jellies, Pickles, Condiments, and More",£30.52,3,In stock,Food and Drink
Chase Me (Paris Nights #2),£25.27,5,In stock,Romance
Black Dust,£34.53,5,In stock,Romance
Birdsong: A Story in Pictures,£54.64,3,In stock,Childrens
America's Cradle of Quarterbacks: Western Pennsylvania's Football Factory from Johnny Unitas to Joe Montana,£22.50,3,In stock,Default
Aladdin and His Wonderful Lamp,£53.13,3,In stock,Default
Worlds Elsewhere: Journeys Around Shakespeare’s Globe,£40.30,5,In stock,Nonfiction
Wall and Piece,£44.18,4,In stock,Art
The Four Agreements: A Practical Guide to Personal Freedom,£17.66,5,In stock,Spirituality
The Five Love Languages: How to Express Heartfelt Commitment to Your Mate,£31.05,3,In stock,Nonfiction
The Elephant Tree,£23.82,5,In stock,Thriller
The Bear and the Piano,£36.89,1,In stock,Childrens
Sophie's World,£15.94,5,In stock,Philosophy
Penny Maybe,£33.29,3,In stock,Default
Maude (1883-1993):She Grew Up with the country,£18.02,2,In stock,Default
"In a Dark, Dark Wood",£19.63,1,In stock,Mystery
Behind Closed Doors,£52.22,4,In stock,Thriller
You can't bury them all: Poems,£33.63,2,In stock,Poetry
Slow States of Collapse: Poems,£57.31,3,In stock,Poetry
Reasons to Stay Alive,£26.41,2,In stock,Nonfiction
Private Paris (Private #10),£47.61,5,In stock,Fiction
#HigherSelfie: Wake Up Your Life. Free Your Soul. Find Your Tribe.,£23.11,5,In stock,Nonfiction
Without Borders (Wanderlove #1),£45.07,2,In stock,New Adult
When We Collided,£31.77,1,In stock,Contemporary
"We Love You, Charlie Freeman",£50.27,5,In stock,Fiction
Untitled Collection: Sabbath Poems 2014,£14.27,4,In stock,Poetry
"Unseen City: The Majesty of Pigeons, the Discreet Charm of Snails & Other Wonders of the Urban Wilderness",£44.18,4,In stock,Nonfiction
Unicorn Tracks,£18.78,3,In stock,Fantasy
"Unbound: How Eight Technologies Made Us Human, Transformed Society, and Brought Our World to the Brink",£25.52,1,In stock,History
Tsubasa: WoRLD CHRoNiCLE 2 (Tsubasa WoRLD CHRoNiCLE #2),£16.28,1,In stock,Sequential Art
Throwing Rocks at the Google Bus: How Growth Became the Enemy of Prosperity,£31.12,3,In stock,Nonfiction
This One Summer,£19.49,4,In stock,Sequential Art
Thirst,£17.27,5,In stock,Fiction
The Torch Is Passed: A Harding Family Story,£19.09,1,In stock,Add a comment
The Secret of Dreadwillow Carse,£56.13,1,In stock,Childrens
"The Pioneer Woman Cooks: Dinnertime: Comfort Classics, Freezer Food, 16-Minute Meals, and Other Delicious Ways to Solve Supper!",£56.41,1,In stock,Food and Drink
The Past Never Ends,£56.50,4,In stock,Mystery
The Natural History of Us (The Fine Art of Pretending #2),£45.22,3,In stock,Young Adult
The Nameless City (The Nameless City #1),£38.16,4,In stock,Sequential Art
The Murder That Never Was (Forensic Instincts #5),£54.11,3,In stock,Fiction
The Most Perfect Thing: Inside (and Outside) a Bird's Egg,£42.96,4,In stock,Science
"The Mindfulness and Acceptance Workbook for Anxiety: A Guide to Breaking Free from Anxiety, Phobias, and Worry Using Acceptance and Commitment Therapy",£23.89,4,In stock,Add a comment
The Life-Changing Magic of Tidying Up: The Japanese Art of Decluttering and Organizing,£16.77,3,In stock,Nonfiction
"The Inefficiency Assassin: Time Management Tactics for Working Smarter, Not Longer",£20.59,5,In stock,Default
The Gutsy Girl: Escapades for Your Life of Epic Adventure,£37.13,1,In stock,Nonfiction
The Electric Pencil: Drawings from Inside State Hospital No. 3,£56.06,1,In stock,Nonfiction
The Death of Humanity: and the Case for Life,£58.11,4,In stock,Philosophy
"The Bulletproof Diet: Lose up to a Pound a Day, Reclaim Energy and Focus, Upgrade Your Life",£49.05,3,In stock,Health
The Art Forger,£40.76,3,In stock,Add a comment
The Age of Genius: The Seventeenth Century and the Birth of the Modern Mind,£19.73,1,In stock,History
The Activist's Tao Te Ching: Ancient Advice for a Modern Revolution,£32.24,5,In stock,Spirituality
Spark Joy: An Illustrated Master Class on the Art of Organizing and Tidying Up,£41.83,4,In stock,Nonfiction
Soul Reader,£39.58,2,In stock,Default
Security,£39.25,2,In stock,Horror
"Saga, Volume 6 (Saga (Collected Editions) #6)",£25.02,3,In stock,Fantasy
"Saga, Volume 5 (Saga (Collected Editions) #5)",£51.04,2,In stock,Sequential Art
Reskilling America: Learning to Labor in the Twenty-First Century,£19.83,2,In stock,Nonfiction
"Rat Queens, Vol. 3: Demons (Rat Queens (Collected Editions) #11-15)",£50.40,3,In stock,Sequential Art
"Princess Jellyfish 2-in-1 Omnibus, Vol. 01 (Princess Jellyfish 2-in-1 Omnibus #1)",£13.61,5,In stock,Sequential Art
Princess Between Worlds (Wide-Awake Princess #5),£13.34,5,In stock,Fantasy
"Pop Gun War, Volume 1: Gift",£18.97,1,In stock,Sequential Art
"Political Suicide: Missteps, Peccadilloes, Bad Calls, Backroom Hijinx, Sordid Pasts, Rotten Breaks, and Just Plain Dumb Mistakes in the Annals of American Politics",£36.28,2,In stock,History
Patience,£10.16,3,In stock,Sequential Art
"Outcast, Vol. 1: A Darkness Surrounds Him (Outcast #1)",£15.44,4,In stock,Sequential Art
orange: The Complete Collection 1 (orange: The Complete Collection #1),£48.41,1,In stock,Sequential Art
Online Marketing for Busy Authors: A Step-By-Step Guide,£46.35,1,In stock,Self Help
On a Midnight Clear,£14.07,3,In stock,Add a comment
Obsidian (Lux #1),£14.86,2,In stock,Young Adult
My Paris Kitchen: Recipes and Stories,£33.37,2,In stock,Food and Drink
Masks and Shadows,£56.40,2,In stock,Fantasy
"Mama Tried: Traditional Italian Cooking for the Screwed, Crude, Vegan, and Tattooed",£14.02,4,In stock,Food and Drink
"Lumberjanes, Vol. 2: Friendship to the Max (Lumberjanes #5-8)",£46.91,2,In stock,Sequential Art
"Lumberjanes, Vol. 1: Beware the Kitten Holy (Lumberjanes #1-4)",£45.61,3,In stock,Sequential Art
Lumberjanes Vol. 3: A Terrible Plan (Lumberjanes #9-12),£19.92,2,In stock,Sequential Art
"Layered: Baking, Building, and Styling Spectacular Cakes",£40.11,1,In stock,Food and Drink
Judo: Seven Steps to Black Belt (an Introductory Guide for Beginners),£53.90,2,In stock,Add a comment
Join,£35.67,5,In stock,Science Fiction
In the Country We Love: My Family Divided,£22.00,4,In stock,Nonfiction
Immunity: How Elie Metchnikoff Changed the Course of Modern Medicine,£57.36,5,In stock,Science
"I Hate Fairyland, Vol. 1: Madly Ever After (I Hate Fairyland (Compilations) #1-5)",£29.17,2,In stock,Sequential Art
I am a Hero Omnibus Volume 1,£54.63,3,In stock,Sequential Art
How to Be Miserable: 40 Strategies You Already Use,£46.03,1,In stock,Self Help
Her Backup Boyfriend (The Sorensen Family #1),£33.97,1,In stock,Romance
"Giant Days, Vol. 2 (Giant Days #5-8)",£22.11,2,In stock,Sequential Art
Forever and Forever: The Courtship of Henry Longfellow and Fanny Appleton,£29.69,3,In stock,Historical Fiction
First and First (Five Boroughs #3),£15.97,4,In stock,Romance
Fifty Shades Darker (Fifty Shades #2),£21.96,1,In stock,Romance
Everydata: The Misinformation Hidden in the Little Data You Consume Every Day,£54.35,2,In stock,Nonfiction
"Don't Be a Jerk: And Other Practical Advice from Dogen, Japan's Greatest Zen Master",£37.97,2,In stock,Religion
Danganronpa Volume 1,£51.99,4,In stock,Sequential Art
Crown of Midnight (Throne of Glass #2),£43.29,3,In stock,Fantasy
"Codename Baboushka, Volume 1: The Conclave of Death",£36.72,4,In stock,Sequential Art
Camp Midnight,£17.08,4,In stock,Sequential Art
Call the Nurse: True Stories of a Country Nurse on a Scottish Isle,£29.14,5,In stock,Nonfiction
Burning,£28.81,3,In stock,Young Adult
Bossypants,£49.46,2,In stock,Default
"Bitch Planet, Vol. 1: Extraordinary Machine (Bitch Planet (Collected Editions))",£37.92,2,In stock,Sequential Art
"Avatar: The Last Airbender: Smoke and Shadow, Part 3 (Smoke and Shadow #3)",£28.09,2,In stock,Fantasy
Algorithms to Live By: The Computer Science of Human Decisions,£30.81,1,In stock,Nonfiction
A World of Flavor: Your Gluten Free Passport,£42.95,1,In stock,Default
"A Piece of Sky, a Grain of Rice: A Memoir in Four Meditations",£56.76,5,In stock,Default
A Murder in Time,£16.64,1,In stock,Mystery
A Flight of Arrows (The Pathfinders #2),£55.53,5,In stock,Historical Fiction
A Fierce and Subtle Poison,£28.13,4,In stock,Young Adult
A Court of Thorns and Roses (A Court of Thorns and Roses #1),£52.37,1,In stock,Fantasy
(Un)Qualified: How God Uses Broken People to Do Big Things,£54.00,5,In stock,Christian
You Are What You Love: The Spiritual Power of Habit,£21.87,4,In stock,Religion
"William Shakespeare's Star Wars: Verily, A New Hope (William Shakespeare's Star Wars #4)",£43.30,4,In stock,Science Fiction
Tuesday Nights in 1980,£21.04,2,In stock,Fiction
Tracing Numbers on a Train,£41.60,3,In stock,Default
Throne of Glass (Throne of Glass #1),£35.07,3,In stock,Fantasy
Thomas Jefferson and the Tripoli Pirates: The Forgotten War That Changed American History,£59.64,1,In stock,History
Thirteen Reasons Why,£52.72,1,In stock,Default
The White Cat and the Monk: A Retelling of the Poem “Pangur Bán”,£58.08,4,In stock,Childrens
The Wedding Dress,£24.12,1,In stock,Romance
The Vacationers,£42.15,4,In stock,Fiction
The Third Wave: An Entrepreneur’s Vision of the Future,£12.61,5,In stock,Business
The Stranger,£17.44,4,In stock,Philosophy
The Shadow Hero (The Shadow Hero),£33.14,1,In stock,Sequential Art
The Secret (The Secret #1),£27.37,4,In stock,Default
The Regional Office Is Under Attack!,£51.36,5,In stock,Fiction
The Psychopath Test: A Journey Through the Madness Industry,£36.00,2,In stock,Default
The Project,£10.65,1,In stock,Science Fiction
The Power of Now: A Guide to Spiritual Enlightenment,£43.54,2,In stock,Nonfiction
The Omnivore's Dilemma: A Natural History of Four Meals,£38.21,2,In stock,Nonfiction
The Nerdy Nummies Cookbook: Sweet Treats for the Geek in All of Us,£37.34,5,In stock,Food and Drink
The Murder of Roger Ackroyd (Hercule Poirot #4),£44.10,4,In stock,Mystery
The Mistake (Off-Campus #2),£43.29,3,In stock,New Adult
The Matchmaker's Playbook (Wingmen Inc. #1),£55.85,1,In stock,New Adult
The Love and Lemons Cookbook: An Apple-to-Zucchini Celebration of Impromptu Cooking,£37.60,2,In stock,Food and Drink
The Long Shadow of Small Ghosts: Murder and Memory in an American City,£10.97,1,In stock,Crime
The Kite Runner,£41.82,4,In stock,Default
The House by the Lake,£36.95,1,In stock,Historical Fiction
The Glittering Court (The Glittering Court #1),£44.28,1,In stock,Fantasy
The Girl on the Train,£55.02,2,In stock,Default
The Genius of Birds,£17.24,1,In stock,Nonfiction
The Emerald Mystery,£23.15,2,In stock,Default
The Cookies & Cups Cookbook: 125+ sweet & savory recipes reminding you to Always Eat Dessert First,£41.25,1,In stock,Food and Drink
The Bridge to Consciousness: I'm Writing the Bridge Between Science and Our Old and New Beliefs.,£32.00,3,In stock,Default
The Artist's Way: A Spiritual Path to Higher Creativity,£38.49,5,In stock,Nonfiction
The Art of War,£33.34,5,In stock,Default
The Argonauts,£10.93,2,In stock,Autobiography
The 10% Entrepreneur: Live Your Startup Dream Without Quitting Your Day Job,£27.55,3,In stock,Business
Suddenly in Love (Lake Haven #1),£55.99,2,In stock,Romance
Something More Than This,£16.24,4,In stock,Romance
Soft Apocalypse,£26.12,2,In stock,Science Fiction
So You've Been Publicly Shamed,£12.23,2,In stock,Nonfiction
Shoe Dog: A Memoir by the Creator of NIKE,£23.99,2,In stock,Business
"Shobu Samurai, Project Aryoku (#3)",£29.06,3,In stock,Add a comment
Secrets and Lace (Fatal Hearts #1),£20.27,1,In stock,Default
Scarlett Epstein Hates It Here,£43.55,5,In stock,Young Adult
Romero and Juliet: A Tragic Tale of Love and Zombies,£36.94,1,In stock,Default
Redeeming Love,£20.47,5,In stock,Christian Fiction
Poses for Artists Volume 1 - Dynamic and Sitting Poses: An Essential Reference for Figure Drawing and the Human Form,£41.06,1,In stock,Default
Poems That Make Grown Women Cry,£14.19,4,In stock,Poetry
"Nightingale, Sing",£38.28,1,In stock,Young Adult
Night Sky with Exit Wounds,£41.05,1,In stock,Poetry
Mrs. Houdini,£30.25,5,In stock,Historical Fiction
Modern Romance,£28.26,5,In stock,Add a comment
Miss Peregrine’s Home for Peculiar Children (Miss Peregrine’s Peculiar Children #1),£10.76,1,In stock,Default
Louisa: The Extraordinary Life of Mrs. Adams,£16.85,2,In stock,Biography
Little Red,£13.47,3,In stock,Childrens
Library of Souls (Miss Peregrine’s Peculiar Children #3),£48.56,5,In stock,Young Adult
Large Print Heart of the Pride,£19.15,2,In stock,Default
I Had a Nice Time And Other Lies...: How to find love & sh*t like that,£57.36,4,In stock,Womens Fiction
Hollow City (Miss Peregrine’s Peculiar Children #2),£42.98,1,In stock,Fantasy
Grumbles,£22.16,2,In stock,Default
Full Moon over Noah’s Ark: An Odyssey to Mount Ararat and Beyond,£49.43,4,In stock,Travel
Frostbite (Vampire Academy #2),£29.99,5,In stock,Young Adult
Follow You Home,£21.36,1,In stock,Horror
First Steps for New Christians (Print Edition),£29.00,1,In stock,Default
Finders Keepers (Bill Hodges Trilogy #2),£53.53,5,In stock,Fiction
"Fables, Vol. 1: Legends in Exile (Fables #1)",£41.62,4,In stock,Sequential Art
Eureka Trivia 6.0,£54.59,4,In stock,Default
Drive: The Surprising Truth About What Motivates Us,£34.95,4,In stock,Default
Done Rubbed Out (Reightman & Bailey #1),£37.72,5,In stock,Default
Doing It Over (Most Likely To #1),£35.61,3,In stock,Romance
"Deliciously Ella Every Day: Quick and Easy Recipes for Gluten-Free Snacks, Packed Lunches, and Simple Meals",£42.16,3,In stock,Food and Drink
Dark Notes,£19.19,5,In stock,Erotica
"Daring Greatly: How the Courage to Be Vulnerable Transforms the Way We Live, Love, Parent, and Lead",£19.43,3,In stock,Nonfiction
Close to You,£49.46,4,In stock,Christian Fiction
Chasing Heaven: What Dying Taught Me About Living,£37.80,2,In stock,Spirituality
Big Magic: Creative Living Beyond Fear,£30.80,3,In stock,Nonfiction
Becoming Wise: An Inquiry into the Mystery and Art of Living,£27.43,2,In stock,Nonfiction
Beauty Restored (Riley Family Legacy Novellas #3),£11.11,2,In stock,Default
Batman: The Long Halloween (Batman),£36.50,2,In stock,Sequential Art
Batman: The Dark Knight Returns (Batman),£15.38,5,In stock,Sequential Art
Ayumi's Violin,£15.48,2,In stock,Default
Anonymous,£46.82,4,In stock,Default
Amy Meets the Saints and Sages,£18.46,3,In stock,Default
Amid the Chaos,£36.58,1,In stock,Cultural
Amatus,£50.54,5,In stock,Default
Agnostic: A Spirited Manifesto,£12.51,5,In stock,Nonfiction
Zealot: The Life and Times of Jesus of Nazareth,£24.70,3,In stock,History
You (You #1),£43.61,5,In stock,Thriller
"Wonder Woman: Earth One, Volume One (Wonder Woman: Earth One #1)",£37.34,4,In stock,Sequential Art
Wild Swans,£14.36,2,In stock,Young Adult
Why the Right Went Wrong: Conservatism--From Goldwater to the Tea Party and Beyond,£52.65,4,In stock,Politics
Whole Lotta Creativity Going On: 60 Fun and Unusual Exercises to Awaken and Strengthen Your Creativity,£38.20,4,In stock,Nonfiction
What's It Like in Space?: Stories from Astronauts Who've Been There,£19.60,2,In stock,Nonfiction
"We Are Robin, Vol. 1: The Vigilante Business (We Are Robin #1)",£53.90,1,In stock,Sequential Art
Walt Disney's Alice in Wonderland,£12.96,5,In stock,Childrens
V for Vendetta (V for Vendetta Complete),£37.10,4,In stock,Default
Until Friday Night (The Field Party #1),£46.31,2,In stock,Young Adult
"Unbroken: A World War II Story of Survival, Resilience, and Redemption",£45.95,2,In stock,Default
Twenty Yawns,£22.08,2,In stock,Childrens
Through the Woods,£25.38,2,In stock,Sequential Art
This Is Where It Ends,£27.12,2,In stock,Young Adult
The Year of Magical Thinking,£43.04,2,In stock,Nonfiction
The Wright Brothers,£56.80,4,In stock,Default
The White Queen (The Cousins' War #1),£25.91,5,In stock,Add a comment
The Wedding Pact (The O'Malleys #2),£32.61,3,In stock,Romance
The Time Keeper,£27.88,5,In stock,Fiction
The Testament of Mary,£52.67,4,In stock,Fiction
The Star-Touched Queen,£46.02,5,In stock,Fantasy
The Songs of the Gods,£44.48,5,In stock,Default
The Song of Achilles,£37.40,5,In stock,Add a comment
The Rosie Project (Don Tillman #1),£54.04,1,In stock,Default
The Power of Habit: Why We Do What We Do in Life and Business,£16.88,3,In stock,Default
The Marriage of Opposites,£28.08,4,In stock,Historical Fiction
The Lucifer Effect: Understanding How Good People Turn Evil,£10.40,1,In stock,Psychology
The Long Haul (Diary of a Wimpy Kid #9),£44.07,1,In stock,Humor
The Loney,£23.40,1,In stock,Horror
The Literature Book (Big Ideas Simply Explained),£17.43,3,In stock,Nonfiction
The Last Mile (Amos Decker #2),£54.21,2,In stock,Mystery
The Immortal Life of Henrietta Lacks,£40.67,2,In stock,Add a comment
The Hidden Oracle (The Trials of Apollo #1),£52.26,2,In stock,Fantasy
The Help Yourself Cookbook for Kids: 60 Easy Plant-Based Recipes Kids Can Make to Stay Healthy and Save the Earth,£28.77,3,In stock,Food and Drink
The Guilty (Will Robie #4),£13.82,2,In stock,Thriller
The First Hostage (J.B. Collins #2),£25.85,3,In stock,Fiction
The Dovekeepers,£48.78,1,In stock,Add a comment
The Darkest Lie,£35.35,5,In stock,Young Adult
The Bane Chronicles (The Bane Chronicles #1-11),£44.73,4,In stock,Fantasy
The Bad-Ass Librarians of Timbuktu: And Their Race to Save the World’s Most Precious Manuscripts,£15.77,1,In stock,Nonfiction
The 14th Colony (Cotton Malone #11),£39.24,1,In stock,Thriller
That Darkness (Gardiner and Renner #1),£13.92,1,In stock,Mystery
Tastes Like Fear (DI Marnie Rome #3),£10.69,1,In stock,Mystery
Take Me with You,£45.21,3,In stock,Fiction
Swell: A Year of Waves,£45.58,1,In stock,Nonfiction
Superman Vol. 1: Before Truth (Superman by Gene Luen Yang #1),£11.89,5,In stock,Sequential Art
Still Life with Bread Crumbs,£26.41,3,In stock,Fiction
Steve Jobs,£39.50,5,In stock,Default
Sorting the Beef from the Bull: The Science of Food Fraud Forensics,£44.74,4,In stock,Science
Someone Like You (The Harrisons #2),£52.79,5,In stock,Contemporary
"So Cute It Hurts!!, Vol. 6 (So Cute It Hurts!! #6)",£35.43,4,In stock,Sequential Art
Shtum,£55.84,4,In stock,Fiction
See America: A Celebration of Our National Parks & Treasured Sites,£48.87,3,In stock,Travel
salt.,£46.78,4,In stock,Poetry
Robin War,£47.82,3,In stock,Sequential Art
"Red Hood/Arsenal, Vol. 1: Open for Business (Red Hood/Arsenal #1)",£25.48,2,In stock,Sequential Art
Rain Fish,£23.57,3,In stock,Childrens
"Quarter Life Poetry: Poems for the Young, Broke and Hangry",£50.89,5,In stock,Poetry
Pet Sematary,£10.56,3,In stock,Horror
"Overload: How to Unplug, Unwind, and Unleash Yourself from the Pressure of Stress",£52.15,3,In stock,Self Help
Once Was a Time,£18.28,2,In stock,Childrens
Old School (Diary of a Wimpy Kid #10),£11.83,5,In stock,Humor
No Dream Is Too High: Life Lessons From a Man Who Walked on the Moon,£21.95,2,In stock,Nonfiction
"Naruto (3-in-1 Edition), Vol. 14: Includes Vols. 40, 41 & 42 (Naruto: Omnibus #14)",£38.39,2,In stock,Sequential Art
My Name Is Lucy Barton,£41.56,1,In stock,Fiction
My Mrs. Brown,£24.48,3,In stock,Fiction
My Kind of Crazy,£40.36,1,In stock,Young Adult
Mr. Mercedes (Bill Hodges Trilogy #1),£28.90,1,In stock,Fiction
More Than Music (Chasing the Dream #1),£37.61,2,In stock,Add a comment
Made to Stick: Why Some Ideas Survive and Others Die,£38.85,5,In stock,Business
Luis Paints the World,£53.95,3,In stock,Childrens
Luckiest Girl Alive,£49.83,3,In stock,Default
Lowriders to the Center of the Earth (Lowriders in Space #2),£51.51,2,In stock,Sequential Art
Love Is a Mix Tape (Music #1),£18.03,1,In stock,Music
Looking for Lovely: Collecting the Moments that Matter,£29.14,5,In stock,Nonfiction
"Living Leadership by Insight: A Good Leader Achieves, a Great Leader Builds Monuments",£46.91,4,In stock,Default
Let It Out: A Journey Through Journaling,£26.79,5,In stock,Nonfiction
Lady Midnight (The Dark Artifices #1),£16.28,5,In stock,Default
"It's All Easy: Healthy, Delicious Weeknight Meals in under 30 Minutes",£19.55,1,In stock,Food and Drink
Island of Dragons (Unwanteds #7),£29.65,1,In stock,Fantasy
I Know What I'm Doing -- and Other Lies I Tell Myself: Dispatches from a Life Under Construction,£25.98,4,In stock,Humor
I Am Pilgrim (Pilgrim #1),£10.60,4,In stock,Fiction
"Hyperbole and a Half: Unfortunate Situations, Flawed Coping Mechanisms, Mayhem, and Other Things That Happened",£14.75,5,In stock,Humor
"Hush, Hush (Hush, Hush #1)",£47.02,3,In stock,Default
Hold Your Breath (Search and Rescue #1),£28.82,1,In stock,Romance
Hamilton: The Revolution,£58.79,3,In stock,Nonfiction
Greek Mythic History,£10.23,5,In stock,Default
God: The Most Unpleasant Character in All Fiction,£30.03,5,In stock,Religion
Glory over Everything: Beyond The Kitchen House,£45.84,3,In stock,Historical Fiction
Feathers: Displays of Brilliant Plumage,£49.05,3,In stock,Art
"Far & Away: Places on the Brink of Change: Seven Continents, Twenty-Five Years",£15.06,4,In stock,Nonfiction
Every Last Word,£46.47,3,In stock,Default
Eligible (The Austen Project #4),£27.09,3,In stock,Fiction
El Deafo,£57.62,5,In stock,Sequential Art
Eight Hundred Grapes,£14.39,4,In stock,Fiction
"Eaternity: More than 150 Deliciously Easy Vegan Recipes for a Long, Healthy, Satisfied, Joyful Life",£51.75,5,In stock,Nonfiction
"Eat Fat, Get Thin",£54.07,2,In stock,Health
Don't Get Caught,£55.35,1,In stock,Young Adult
Doctor Sleep (The Shining #2),£40.12,2,In stock,Horror
Demigods & Magicians: Percy and Annabeth Meet the Kanes (Percy Jackson & Kane Chronicles Crossover #1-3),£37.51,5,In stock,Fantasy
Dear Mr. Knightley,£11.21,5,In stock,Fiction
Daily Fantasy Sports,£36.58,1,In stock,Default
Crazy Love: Overwhelmed by a Relentless God,£47.72,2,In stock,Christian
Cometh the Hour (The Clifton Chronicles #6),£25.01,3,In stock,Fiction
Code Name Verity (Code Name Verity #1),£22.13,4,In stock,Add a comment
Clockwork Angel (The Infernal Devices #1),£44.14,1,In stock,Default
City of Glass (The Mortal Instruments #3),£56.02,4,In stock,Fantasy
City of Fallen Angels (The Mortal Instruments #4),£11.23,4,In stock,Default
City of Bones (The Mortal Instruments #1),£43.28,1,In stock,Default
City of Ashes (The Mortal Instruments #2),£47.27,1,In stock,Default
Cell,£20.29,4,In stock,Add a comment
Catching Jordan (Hundred Oaks),£50.83,3,In stock,Young Adult
"Carry On, Warrior: Thoughts on Life Unarmed",£31.85,3,In stock,Default
Carrie,£46.23,2,In stock,Default
Buying In: The Secret Dialogue Between What We Buy and Who We Are,£37.80,4,In stock,Nonfiction
Brain on Fire: My Month of Madness,£49.32,5,In stock,Nonfiction
Batman: Europa,£32.01,2,In stock,Sequential Art
Barefoot Contessa Back to Basics,£28.01,1,In stock,Food and Drink
Barefoot Contessa at Home: Everyday Recipes You'll Make Over and Over Again,£50.62,5,In stock,Food and Drink
Balloon Animals,£17.03,3,In stock,Fiction
Art Ops Vol. 1,£48.80,3,In stock,Sequential Art
Aristotle and Dante Discover the Secrets of the Universe (Aristotle and Dante Discover the Secrets of the Universe #1),£58.14,4,In stock,Young Adult
Angels Walking (Angels Walking #1),£34.20,2,In stock,Add a comment
Angels & Demons (Robert Langdon #1),£51.48,3,In stock,Default
All the Light We Cannot See,£29.87,5,In stock,Historical
"Adulthood Is a Myth: A ""Sarah's Scribbles"" Collection",£10.90,2,In stock,Sequential Art
Abstract City,£56.37,5,In stock,Nonfiction
A Time of Torment (Charlie Parker #14),£48.35,5,In stock,Mystery
A Study in Scarlet (Sherlock Holmes #1),£16.73,2,In stock,Mystery
"A Series of Catastrophes and Miracles: A True Story of Love, Science, and Cancer",£56.48,2,In stock,Add a comment
A People's History of the United States,£40.79,2,In stock,Add a comment
A Man Called Ove,£39.72,1,In stock,Fiction
A Distant Mirror: The Calamitous 14th Century,£14.58,3,In stock,History
A Brush of Wings (Angels Walking #3),£55.51,1,In stock,Add a comment
1491: New Revelations of the Americas Before Columbus,£21.80,3,In stock,History
"The Three Searches, Meaning, and the Story",£13.33,3,In stock,Default
Searching for Meaning in Gailana,£38.73,1,In stock,Fantasy
Rook,£37.86,4,In stock,Add a comment
My Kitchen Year: 136 Recipes That Saved My Life,£11.53,2,In stock,Food and Drink
13 Hours: The Inside Account of What Really Happened In Benghazi,£27.06,1,In stock,Nonfiction
Will You Won't You Want Me?,£13.86,3,In stock,Womens Fiction
Tipping Point for Planet Earth: How Close Are We to the Edge?,£37.55,1,In stock,Science
The Star-Touched Queen,£32.30,5,In stock,Fantasy
The Silent Sister (Riley MacPherson #1),£46.29,5,In stock,Fiction
The Midnight Watch: A Novel of the Titanic and the Californian,£26.20,1,In stock,Add a comment
The Lonely City: Adventures in the Art of Being Alone,£33.26,2,In stock,Nonfiction
The Gray Rhino: How to Recognize and Act on the Obvious Dangers We Ignore,£59.15,4,In stock,Add a comment
The Golden Condom: And Other Essays on Love Lost and Found,£39.43,1,In stock,Psychology
The Epidemic (The Program 0.6),£14.44,5,In stock,Young Adult
The Dinner Party,£56.54,2,In stock,Fiction
The Diary of a Young Girl,£59.90,3,In stock,Nonfiction
The Children,£11.88,3,In stock,Add a comment
Stars Above (The Lunar Chronicles #4.5),£48.05,2,In stock,Young Adult
Snatched: How A Drug Queen Went Undercover for the DEA and Was Kidnapped By Colombian Guerillas,£21.21,3,In stock,Nonfiction
Raspberry Pi Electronics Projects for the Evil Genius,£49.67,4,In stock,Default
Quench Your Own Thirst: Business Lessons Learned Over a Beer or Two,£43.14,1,In stock,Business
Psycho: Sanitarium (Psycho #1.5),£36.97,5,In stock,Horror
Poisonous (Max Revere Novels #3),£26.80,3,In stock,Mystery
One with You (Crossfire #5),£15.71,4,In stock,Add a comment
No Love Allowed (Dodge Cove #1),£54.65,4,In stock,Young Adult
Murder at the 42nd Street Library (Raymond Ambler #1),£54.36,4,In stock,Mystery
Most Wanted,£35.28,3,In stock,Mystery
"Love, Lies and Spies",£20.55,2,In stock,Historical Fiction
How to Speak Golf: An Illustrated Guide to Links Lingo,£58.32,5,In stock,Default
Hide Away (Eve Duncan #20),£11.84,1,In stock,Mystery
Furiously Happy: A Funny Book About Horrible Things,£41.46,4,In stock,Nonfiction
Everyday Italian: 125 Simple and Delicious Recipes,£20.10,5,In stock,Food and Drink
Equal Is Unfair: America's Misguided Fight Against Income Inequality,£56.86,1,In stock,Politics
Eleanor & Park,£56.51,5,In stock,Default
Dirty (Dive Bar #1),£40.83,4,In stock,Romance
Can You Keep a Secret? (Fear Street Relaunch #4),£48.64,1,In stock,Horror
Boar Island (Anna Pigeon #19),£59.48,3,In stock,Mystery
A Paris Apartment,£39.01,4,In stock,Historical Fiction
"A la Mode: 120 Recipes in 60 Pairings: Pies, Tarts, Cakes, Crisps, and More Topped with Ice Cream, Gelato, Frozen Custard, and More",£38.77,1,In stock,Food and Drink
Troublemaker: Surviving Hollywood and Scientology,£48.39,2,In stock,Default
The Widow,£27.26,2,In stock,Mystery
"The Sleep Revolution: Transforming Your Life, One Night at a Time",£11.68,4,In stock,Nonfiction
The Improbability of Love,£59.45,1,In stock,Fiction
The Art of Startup Fundraising,£21.00,3,In stock,Business
Take Me Home Tonight (Rock Star Romance #3),£53.98,3,In stock,Romance
Sleeping Giants (Themis Files #1),£48.74,1,In stock,Science Fiction
"Setting the World on Fire: The Brief, Astonishing Life of St. Catherine of Siena",£21.15,2,In stock,Biography
Playing with Fire,£13.71,3,In stock,Mystery
Off the Hook (Fishing for Trouble #1),£47.67,3,In stock,Romance
Mothering Sunday,£13.34,2,In stock,Fiction
"Mother, Can You Not?",£16.89,5,In stock,Nonfiction
M Train,£27.18,1,In stock,Autobiography
Lilac Girls,£17.28,2,In stock,Historical Fiction
Lies and Other Acts of Love,£45.14,1,In stock,Fiction
Lab Girl,£40.85,1,In stock,Autobiography
Keep Me Posted,£20.46,4,In stock,Womens Fiction
It Didn't Start with You: How Inherited Family Trauma Shapes Who We Are and How to End the Cycle,£56.27,3,In stock,Psychology
Grey (Fifty Shades #4),£48.49,4,In stock,Womens Fiction
"Exit, Pursued by a Bear",£51.34,4,In stock,Young Adult
Daredevils,£16.34,3,In stock,Fiction
Cravings: Recipes for What You Want to Eat,£20.50,3,In stock,Food and Drink
Born for This: How to Find the Work You Were Meant to Do,£21.59,5,In stock,Business
Arena,£21.36,4,In stock,Science Fiction
Adultery,£20.88,5,In stock,Default
A Mother's Reckoning: Living in the Aftermath of Tragedy,£19.53,3,In stock,Nonfiction
A Gentleman's Position (Society of Gentlemen #3),£14.75,5,In stock,Romance
11/22/63,£48.48,3,In stock,Fiction
"10% Happier: How I Tamed the Voice in My Head, Reduced Stress Without Losing My Edge, and Found Self-Help That Actually Works",£24.57,2,In stock,Nonfiction
10-Day Green Smoothie Cleanse: Lose Up to 15 Pounds in 10 Days!,£49.71,5,In stock,Health
Without Shame,£48.27,5,In stock,Add a comment
Watchmen,£58.05,4,In stock,Add a comment
Unlimited Intuition Now,£58.87,4,In stock,Default
Underlying Notes,£11.82,2,In stock,Default
The Shack,£28.03,1,In stock,Fiction
The New Brand You: Your New Image Makes the Sale for You,£44.05,5,In stock,Default
"The Moosewood Cookbook: Recipes from Moosewood Restaurant, Ithaca, New York",£12.34,4,In stock,Food and Drink
The Flowers Lied,£16.68,2,In stock,Default
"The Fabric of the Cosmos: Space, Time, and the Texture of Reality",£55.91,1,In stock,Science
The Book of Mormon,£24.57,3,In stock,Religion
The Art and Science of Low Carbohydrate Living,£52.98,5,In stock,Health
The Alien Club,£54.40,1,In stock,Young Adult
Suzie Snowflake: One beautiful flake (a self-esteem story),£54.81,5,In stock,Novels
Nap-a-Roo,£25.08,1,In stock,Childrens
"NaNo What Now? Finding your editing process, revising your NaNoWriMo book and building a writing career through publishing and beyond",£10.41,4,In stock,Default
Modern Day Fables,£47.44,2,In stock,Default
If I Gave You God's Phone Number....: Searching for Spirituality in America,£20.91,1,In stock,Spirituality
"Fruits Basket, Vol. 9 (Fruits Basket #9)",£33.95,4,In stock,Sequential Art
Dress Your Family in Corduroy and Denim,£43.68,3,In stock,Humor
Don't Forget Steven,£33.23,1,In stock,Young Adult
Chernobyl 01:23:40: The Incredible True Story of the World's Worst Nuclear Disaster,£35.92,2,In stock,Nonfiction
Art and Fear: Observations on the Perils (and Rewards) of Artmaking,£48.63,4,In stock,Art
A Shard of Ice (The Black Symphony Saga #1),£56.63,3,In stock,Fantasy
A Hero's Curse (The Unseen Chronicles #1),£50.49,3,In stock,Add a comment
23 Degrees South: A Tropical Tale of Changing Whether...,£35.79,2,In stock,Add a comment
"Zero to One: Notes on Startups, or How to Build the Future",£34.06,3,In stock,Nonfiction
Why Not Me?,£17.76,1,In stock,Nonfiction
When Breath Becomes Air,£39.36,2,In stock,Nonfiction
Vagabonding: An Uncommon Guide to the Art of Long-Term World Travel,£36.94,2,In stock,Travel
The Unlikely Pilgrimage of Harold Fry (Harold Fry #1),£43.62,5,In stock,Default
The New Drawing on the Right Side of the Brain,£43.02,3,In stock,Art
"The Midnight Assassin: Panic, Scandal, and the Hunt for America's First Serial Killer",£28.45,4,In stock,Nonfiction
The Martian (The Martian #1),£41.39,2,In stock,Default
The High Mountains of Portugal,£51.15,1,In stock,Fiction
The Grownup,£35.88,1,In stock,Short Stories
The E-Myth Revisited: Why Most Small Businesses Don't Work and What to Do About It,£36.91,1,In stock,Business
South of Sunshine,£28.93,1,In stock,Young Adult
Smarter Faster Better: The Secrets of Being Productive in Life and Business,£38.89,5,In stock,Nonfiction
Silence in the Dark (Logan Point #4),£58.33,3,In stock,Suspense
Shadows of the Past (Logan Point #1),£39.67,5,In stock,Christian Fiction
Roller Girl,£14.10,5,In stock,Sequential Art
Rising Strong,£21.82,3,In stock,Nonfiction
Proofs of God: Classical Arguments from Tertullian to Barth,£54.21,1,In stock,Philosophy
Please Kill Me: The Uncensored Oral History of Punk,£31.19,4,In stock,Music
Out of Print: City Lights Spotlight No. 14,£53.64,5,In stock,Poetry
My Life Next Door (My Life Next Door ),£36.39,5,In stock,Young Adult
Miller's Valley,£58.54,2,In stock,Fiction
Man's Search for Meaning,£29.48,3,In stock,Nonfiction
"Love That Boy: What Two Presidents, Eight Road Trips, and My Son Taught Me About a Parent's Expectations",£25.06,2,In stock,Nonfiction
Living Forward: A Proven Plan to Stop Drifting and Get the Life You Want,£12.55,3,In stock,Nonfiction
Les Fleurs du Mal,£29.04,5,In stock,Poetry
Left Behind (Left Behind #1),£40.72,2,In stock,Default
Kill 'Em and Leave: Searching for James Brown and the American Soul,£45.05,5,In stock,Music
Kierkegaard: A Christian Missionary to Christians,£47.13,1,In stock,Philosophy
John Vassos: Industrial Design for Modern Life,£20.22,4,In stock,Default
I'll Give You the Sun,£56.48,1,In stock,Default
I Will Find You,£44.21,1,In stock,Nonfiction
Hystopia: A Novel,£21.96,4,In stock,Fiction
Howl and Other Poems,£40.45,2,In stock,Poetry
History of Beauty,£10.29,4,In stock,Art
Heaven is for Real: A Little Boy's Astounding Story of His Trip to Heaven and Back,£52.86,2,In stock,Default
Future Shock (Future Shock #1),£55.65,5,In stock,Young Adult
Ender's Game (The Ender Quintet #1),£43.64,1,In stock,Default
Diary of a Citizen Scientist: Chasing Tiger Beetles and Other New Ways of Engaging the World,£28.41,1,In stock,Science
Death by Leisure: A Cautionary Tale,£37.51,4,In stock,Default
Brilliant Beacons: A History of the American Lighthouse,£11.45,3,In stock,History
Brazen: The Courage to Find the You That's Been Hiding,£19.22,2,In stock,Nonfiction
Between the World and Me,£56.91,4,In stock,Nonfiction
Being Mortal: Medicine and What Matters in the End,£55.06,4,In stock,Nonfiction
"A Murder Over a Girl: Justice, Gender, Junior High",£13.20,3,In stock,Nonfiction
32 Yolks,£53.63,2,In stock,Food and Drink
"""Most Blessed of the Patriarchs"": Thomas Jefferson and the Empire of the Imagination",£44.48,5,In stock,History
You Are a Badass: How to Stop Doubting Your Greatness and Start Living an Awesome Life,£12.08,3,In stock,Self Help
Wildlife of New York: A Five-Borough Coloring Book,£22.14,2,In stock,Default
What Happened on Beale Street (Secrets of the South Mysteries #2),£25.37,5,In stock,Mystery
Unreasonable Hope: Finding Faith in the God Who Brings Purpose to Your Pain,£46.33,2,In stock,Spirituality
Under the Tuscan Sun,£37.33,3,In stock,Travel
Toddlers Are A**holes: It's Not Your Fault,£25.55,1,In stock,Humor
The Year of Living Biblically: One Man's Humble Quest to Follow the Bible as Literally as Possible,£34.72,1,In stock,Default
The Whale,£35.96,4,In stock,Childrens
The Story of Art,£41.14,4,In stock,Art
The Origin of Species,£10.01,4,In stock,Science
The Great Gatsby,£36.05,4,In stock,Default
The Good Girl,£49.03,3,In stock,Default
The Glass Castle,£16.24,1,In stock,Add a comment
The Faith of Christopher Hitchens: The Restless Soul of the World's Most Notorious Atheist,£39.55,1,In stock,Biography
The Drowning Girls,£35.67,3,In stock,Add a comment
The Constant Princess (The Tudor Court #1),£16.62,3,In stock,Historical Fiction
The Bourne Identity (Jason Bourne #1),£42.78,4,In stock,Fiction
The Bachelor Girl's Guide to Murder (Herringford and Watts Mysteries #1),£52.30,5,In stock,Mystery
The Art Book,£32.34,2,In stock,Art
The 7 Habits of Highly Effective People: Powerful Lessons in Personal Change,£33.17,4,In stock,Default
Team of Rivals: The Political Genius of Abraham Lincoln,£20.12,5,In stock,Add a comment
Steal Like an Artist: 10 Things Nobody Told You About Being Creative,£20.90,2,In stock,Default
"Sit, Stay, Love",£20.90,3,In stock,Romance
Sister Dear,£40.20,4,In stock,Fiction
"Shrunken Treasures: Literary Classics, Short, Sweet, and Silly",£52.87,3,In stock,Childrens
"Rich Dad, Poor Dad",£51.74,1,In stock,Business
Raymie Nightingale,£34.41,2,In stock,Childrens
Playing from the Heart,£32.38,1,In stock,Childrens
Nightstruck: A Novel,£50.35,4,In stock,Young Adult
"Naturally Lean: 125 Nourishing Gluten-Free, Plant-Based Recipes--All Under 300 Calories",£11.38,5,In stock,Food and Drink
Meternity,£43.58,3,In stock,Womens Fiction
Memoirs of a Geisha,£49.67,3,In stock,Fiction
Like Never Before (Walker Family #2),£28.77,2,In stock,Christian Fiction
Life of Pi,£13.22,4,In stock,Default
Leave This Song Behind: Teen Poetry at Its Best,£51.17,5,In stock,Poetry
King's Folly (The Kinsman Chronicles #1),£39.61,5,In stock,Fantasy
John Adams,£57.43,4,In stock,Add a comment
How to Cook Everything Vegetarian: Simple Meatless Recipes for Great Food (How to Cook Everything),£46.01,4,In stock,Food and Drink
How to Be a Domestic Goddess: Baking and the Art of Comfort Cooking,£28.25,2,In stock,Food and Drink
Good in Bed (Cannie Shapiro #1),£37.05,5,In stock,Add a comment
"Fruits Basket, Vol. 7 (Fruits Basket #7)",£19.57,1,In stock,Sequential Art
For the Love: Fighting for Grace in a World of Impossible Standards,£45.13,3,In stock,Nonfiction
Finding God in the Ruins: How God Redeems Pain,£46.64,2,In stock,Nonfiction
Every Heart a Doorway (Every Heart A Doorway #1),£12.16,5,In stock,Fantasy
Delivering the Truth (Quaker Midwife Mystery #1),£20.89,4,In stock,Mystery
Counted With the Stars (Out from Egypt #1),£17.97,5,In stock,Christian Fiction
"Chronicles, Vol. 1",£52.60,2,In stock,Music
Blue Like Jazz: Nonreligious Thoughts on Christian Spirituality,£25.77,1,In stock,Christian
Benjamin Franklin: An American Life,£48.19,3,In stock,Biography
"At The Existentialist Café: Freedom, Being, and apricot cocktails with: Jean-Paul Sartre, Simone de Beauvoir, Albert Camus, Martin Heidegger, Edmund Husserl, Karl Jaspers, Maurice Merleau-Ponty and others",£29.93,5,In stock,Philosophy
A Summer In Europe,£44.34,2,In stock,Travel
A Short History of Nearly Everything,£52.40,5,In stock,History
A Gathering of Shadows (Shades of Magic #2),£44.81,4,In stock,Fantasy
The Sound Of Love,£57.84,5,In stock,Default
The Rise and Fall of the Third Reich: A History of Nazi Germany,£39.67,2,In stock,History
The Perks of Being a Wallflower,£55.02,3,In stock,Default
The Mysterious Affair at Styles (Hercule Poirot #1),£24.80,4,In stock,Mystery
The Man Who Mistook His Wife for a Hat and Other Clinical Tales,£59.45,4,In stock,Nonfiction
The Makings of a Fatherless Child,£31.58,2,In stock,Default
The Joy of Cooking,£43.27,4,In stock,Add a comment
The Invention of Wings,£37.34,1,In stock,Historical Fiction
The Hobbit (Middle-Earth Universe),£17.80,5,In stock,Default
The Great Railway Bazaar,£30.54,1,In stock,Travel
The Golden Compass (His Dark Materials #1),£18.77,1,In stock,Add a comment
The God Delusion,£46.85,3,In stock,Add a comment
The Girl You Left Behind (The Girl You Left Behind #1),£15.79,1,In stock,Historical
The Fellowship of the Ring (The Lord of the Rings #1),£10.27,2,In stock,Default
The Collected Poems of W.B. Yeats (The Collected Works of W.B. Yeats #1),£15.42,5,In stock,Poetry
The Barefoot Contessa Cookbook,£59.92,5,In stock,Food and Drink
Tell the Wolves I'm Home,£50.96,2,In stock,Young Adult
Ship Leaves Harbor: Essays on Travel by a Recovering Journeyman,£30.60,3,In stock,Default
Pride and Prejudice,£19.27,4,In stock,Add a comment
Musicophilia: Tales of Music and the Brain,£46.58,1,In stock,Default
Mere Christianity,£48.51,3,In stock,Add a comment
Me Before You (Me Before You #1),£19.02,1,In stock,Fiction
In the Woods (Dublin Murder Squad #1),£38.38,2,In stock,Mystery
In Cold Blood,£49.98,4,In stock,Nonfiction
How to Stop Worrying and Start Living,£46.49,5,In stock,Self Help
Give It Back,£18.32,2,In stock,Thriller
"Girl, Interrupted",£42.14,3,In stock,Nonfiction
Fun Home: A Family Tragicomic,£56.59,4,In stock,Add a comment
"Fruits Basket, Vol. 6 (Fruits Basket #6)",£20.96,4,In stock,Sequential Art
Deception Point,£40.32,4,In stock,Fiction
"Death Note, Vol. 6: Give-and-Take (Death Note #6)",£36.39,3,In stock,Sequential Art
Catherine the Great: Portrait of a Woman,£58.55,4,In stock,History
Better Homes and Gardens New Cook Book,£39.61,3,In stock,Food and Drink
An Unquiet Mind: A Memoir of Moods and Madness,£21.30,3,In stock,Psychology
A Year in Provence (Provence #1),£56.88,4,In stock,Travel
World Without End (The Pillars of the Earth #2),£32.97,4,In stock,Historical Fiction
"Will Grayson, Will Grayson (Will Grayson, Will Grayson)",£47.31,4,In stock,Young Adult
Why Save the Bankers?: And Other Essays on Our Economic and Political Crisis,£48.67,2,In stock,Nonfiction
Where She Went (If I Stay #2),£41.73,4,In stock,Young Adult
What If?: Serious Scientific Answers to Absurd Hypothetical Questions,£53.68,4,In stock,Default
Two Summers,£14.64,1,In stock,Young Adult
This Is Your Brain on Music: The Science of a Human Obsession,£38.40,1,In stock,Music
The Secret Garden,£15.08,4,In stock,Classics
The Raven King (The Raven Cycle #4),£30.57,2,In stock,Add a comment
The Raven Boys (The Raven Cycle #1),£57.74,4,In stock,Fantasy
The Power Greens Cookbook: 140 Delicious Superfood Recipes,£11.05,5,In stock,Food and Drink
The Metamorphosis,£28.58,1,In stock,Classics
The Mathews Men: Seven Brothers and the War Against Hitler's U-boats,£42.91,5,In stock,History
The Little Paris Bookshop,£24.73,3,In stock,Fiction
The Hiding Place,£55.91,4,In stock,History
The Grand Design,£13.76,3,In stock,Science
The Firm,£45.56,3,In stock,Fiction
The Fault in Our Stars,£47.22,1,In stock,Default
The False Prince (The Ascendance Trilogy #1),£56.00,5,In stock,Fantasy
The Expatriates,£44.58,2,In stock,Fiction
The Dream Thieves (The Raven Cycle #2),£34.50,1,In stock,Default
The Darkest Corners,£11.33,5,In stock,Young Adult
The Crossover,£38.77,4,In stock,Poetry
The 5th Wave (The 5th Wave #1),£11.83,2,In stock,Default
Tell the Wind and Fire,£45.51,3,In stock,Fantasy
Tell Me Three Things,£41.81,1,In stock,Young Adult
Talking to Girls About Duran Duran: One Young Man's Quest for True Love and a Cooler Haircut,£25.15,4,In stock,Nonfiction
Siddhartha,£34.22,5,In stock,Fiction
Shiver (The Wolves of Mercy Falls #1),£16.23,5,In stock,Default
Remember Me?,£11.48,3,In stock,Default
Red Dragon (Hannibal Lecter #1),£23.37,3,In stock,Horror
Peak: Secrets from the New Science of Expertise,£16.28,2,In stock,Science
My Mother Was Nuts,£31.63,4,In stock,Nonfiction
Mexican Today: New and Rediscovered Recipes for Contemporary Kitchens,£24.91,5,In stock,Food and Drink
Maybe Something Beautiful: How Art Transformed a Neighborhood,£22.54,1,In stock,Childrens
Lola and the Boy Next Door (Anna and the French Kiss #2),£23.63,4,In stock,Young Adult
Logan Kade (Fallen Crest High #5.5),£13.12,2,In stock,Academic
Last One Home (New Beginnings #1),£59.98,3,In stock,Fiction
Killing Floor (Jack Reacher #1),£31.49,4,In stock,Thriller
Kill the Boy Band,£15.52,5,In stock,Young Adult
Isla and the Happily Ever After (Anna and the French Kiss #3),£48.13,5,In stock,Young Adult
If I Stay (If I Stay #1),£38.13,5,In stock,Default
I Know Why the Caged Bird Sings (Maya Angelou's Autobiography #1),£36.55,2,In stock,Default
Harry Potter and the Deathly Hallows (Harry Potter #7),£23.32,1,In stock,Default
"Fruits Basket, Vol. 5 (Fruits Basket #5)",£16.33,1,In stock,Sequential Art
Foundation (Foundation (Publication Order) #1),£32.42,1,In stock,Science Fiction
Fool Me Once,£16.96,1,In stock,Default
Find Her (Detective D.D. Warren #8),£22.37,1,In stock,Add a comment
Evicted: Poverty and Profit in the American City,£42.27,1,In stock,Add a comment
Drama,£38.70,2,In stock,Default
Dracula the Un-Dead,£35.63,5,In stock,Horror
Digital Fortress,£58.00,5,In stock,Fiction
"Death Note, Vol. 5: Whiteout (Death Note #5)",£52.41,1,In stock,Sequential Art
"Data, A Love Story: How I Gamed Online Dating to Meet My Match",£32.35,3,In stock,Nonfiction
Critique of Pure Reason,£20.75,1,In stock,Philosophy
Booked,£17.49,5,In stock,Poetry
"Blue Lily, Lily Blue (The Raven Cycle #3)",£34.13,5,In stock,Default
Approval Junkie: Adventures in Caring Too Much,£58.81,5,In stock,Autobiography
An Abundance of Katherines,£10.00,5,In stock,Young Adult
America's War for the Greater Middle East: A Military History,£51.22,2,In stock,History
Alight (The Generations Trilogy #2),£58.59,4,In stock,Default
A Girl's Guide to Moving On (New Beginnings #2),£31.30,1,In stock,Romance
A Game of Thrones (A Song of Ice and Fire #1),£46.42,2,In stock,Add a comment
A Feast for Crows (A Song of Ice and Fire #4),£17.21,4,In stock,Fantasy
A Clash of Kings (A Song of Ice and Fire #2),£10.79,3,In stock,Add a comment
Vogue Colors A to Z: A Fashion Coloring Book,£52.35,4,In stock,Default
The Shining (The Shining #1),£27.88,3,In stock,Default
The Pilgrim's Progress,£50.26,2,In stock,Classics
The Perfect Play (Play by Play #1),£59.99,3,In stock,Romance
The Passion of Dolssa,£28.32,5,In stock,Historical Fiction
The Jazz of Physics: The Secret Link Between Music and the Structure of the Universe,£38.71,3,In stock,Nonfiction
The Hunger Games (The Hunger Games #1),£29.85,5,In stock,Default
The Hound of the Baskervilles (Sherlock Holmes #5),£14.82,2,In stock,Classics
The Gunning of America: Business and the Making of American Gun Culture,£16.81,4,In stock,Nonfiction
The Geography of Bliss: One Grump's Search for the Happiest Places in the World,£28.23,2,In stock,Nonfiction
The Demonists (Demonist #1),£52.11,2,In stock,Fantasy
"The Demon Prince of Momochi House, Vol. 4 (The Demon Prince of Momochi House #4)",£27.88,2,In stock,Sequential Art
The Bone Hunters (Lexy Vaughan & Steven Macaulay #2),£59.71,3,In stock,Thriller
The Beast (Black Dagger Brotherhood #14),£46.08,5,In stock,Fantasy
Some Women,£13.73,5,In stock,Womens Fiction
Shopaholic Ties the Knot (Shopaholic #3),£48.39,5,In stock,Womens Fiction
Paper and Fire (The Great Library #2),£49.45,5,In stock,Fantasy
Outlander (Outlander #1),£19.67,5,In stock,Default
"Orchestra of Exiles: The Story of Bronislaw Huberman, the Israel Philharmonic, and the One Thousand Jews He Saved from Nazi Horrors",£12.36,3,In stock,Music
No One Here Gets Out Alive,£20.02,5,In stock,Music
Night Shift (Night Shift #1-20),£12.75,4,In stock,Horror
Needful Things,£47.51,4,In stock,Horror
Mockingjay (The Hunger Games #3),£20.44,4,In stock,Default
Misery,£34.79,2,In stock,Horror
Little Women (Little Women #1),£28.07,4,In stock,Classics
It,£25.01,3,In stock,Horror
Harry Potter and the Sorcerer's Stone (Harry Potter #1),£13.90,3,In stock,Default
Harry Potter and the Prisoner of Azkaban (Harry Potter #3),£24.17,4,In stock,Young Adult
Harry Potter and the Order of the Phoenix (Harry Potter #5),£31.63,4,In stock,Fantasy
Harry Potter and the Half-Blood Prince (Harry Potter #6),£48.75,5,In stock,Fantasy
Harry Potter and the Chamber of Secrets (Harry Potter #2),£14.74,1,In stock,Fantasy
Gone with the Wind,£32.49,3,In stock,Classics
God Is Not Great: How Religion Poisons Everything,£27.80,1,In stock,Nonfiction
Girl With a Pearl Earring,£26.77,1,In stock,Historical Fiction
"Fruits Basket, Vol. 4 (Fruits Basket #4)",£50.44,4,In stock,Sequential Art
Far From True (Promise Falls Trilogy #2),£34.93,2,In stock,Thriller
Dark Lover (Black Dagger Brotherhood #1),£12.87,1,In stock,Romance
Confessions of a Shopaholic (Shopaholic #1),£48.94,2,In stock,Default
Changing the Game (Play by Play #2),£13.38,3,In stock,Romance
Candide,£58.63,3,In stock,Classics
Can You Keep a Secret?,£21.94,1,In stock,Womens Fiction
Atlas Shrugged,£26.58,5,In stock,Fiction
Animal Farm,£57.22,3,In stock,Classics
A Walk to Remember,£56.43,1,In stock,Romance
A New Earth: Awakening to Your Life's Purpose,£55.65,5,In stock,Spirituality
"A History of God: The 4,000-Year Quest of Judaism, Christianity, and Islam",£27.62,1,In stock,Religion
'Salem's Lot,£49.56,4,In stock,Horror
Zero History (Blue Ant #3),£34.77,1,In stock,Default
Wuthering Heights,£17.73,3,In stock,Classics
World War Z: An Oral History of the Zombie War,£21.80,1,In stock,Default
Wild: From Lost to Found on the Pacific Crest Trail,£46.02,3,In stock,Default
"Where'd You Go, Bernadette",£18.13,1,In stock,Default
When You Are Engulfed in Flames,£30.89,5,In stock,Humor
We the People: The Modern-Day Figures Who Have Reshaped and Affirmed the Founding Fathers' Vision of America,£31.95,3,In stock,Nonfiction
We Are All Completely Beside Ourselves,£24.04,1,In stock,Contemporary
Walk the Edge (Thunder Road #2),£32.36,3,In stock,Young Adult
Voyager (Outlander #3),£21.07,5,In stock,Historical Fiction
Very Good Lives: The Fringe Benefits of Failure and the Importance of Imagination,£50.66,3,In stock,Nonfiction
Vegan Vegetarian Omnivore: Dinner for Everyone at the Table,£13.66,2,In stock,Food and Drink
"Unstuffed: Decluttering Your Home, Mind, and Soul",£58.09,1,In stock,Nonfiction
Under the Banner of Heaven: A Story of Violent Faith,£30.00,1,In stock,Nonfiction
Two Boys Kissing,£32.74,2,In stock,Young Adult
Twilight (Twilight #1),£41.93,2,In stock,Default
Twenties Girl,£42.80,2,In stock,Womens Fiction
"Trespassing Across America: One Man's Epic, Never-Done-Before (and Sort of Illegal) Hike Across the Heartland",£53.51,1,In stock,Nonfiction
Three-Martini Lunch,£23.21,3,In stock,Fiction
"Thinking, Fast and Slow",£21.14,1,In stock,Psychology
The Wild Robot,£56.07,3,In stock,Childrens
"The Wicked + The Divine, Vol. 3: Commercial Suicide (The Wicked + The Divine)",£14.41,3,In stock,Sequential Art
The Undomestic Goddess,£45.75,4,In stock,Womens Fiction
The Travelers,£15.77,1,In stock,Thriller
The Tipping Point: How Little Things Can Make a Big Difference,£10.02,2,In stock,Add a comment
The Thing About Jellyfish,£48.77,1,In stock,Childrens
The Stand,£57.86,2,In stock,Horror
The Smitten Kitchen Cookbook,£23.59,1,In stock,Food and Drink
The Silkworm (Cormoran Strike #2),£23.05,5,In stock,Mystery
"The Sandman, Vol. 3: Dream Country (The Sandman (volumes) #3)",£55.55,5,In stock,Sequential Art
The Rose & the Dagger (The Wrath and the Dawn #2),£58.64,4,In stock,Fantasy
The Road to Little Dribbling: Adventures of an American in Britain (Notes From a Small Island #2),£23.21,1,In stock,Travel
The Rise of Theodore Roosevelt (Theodore Roosevelt #1),£42.57,3,In stock,Biography
The Restaurant at the End of the Universe (Hitchhiker's Guide to the Galaxy #2),£10.92,1,In stock,Science Fiction
The Rest Is Noise: Listening to the Twentieth Century,£34.77,1,In stock,Add a comment
The Red Tent,£35.66,5,In stock,Historical Fiction
The Purpose Driven Life: What on Earth Am I Here for?,£37.19,3,In stock,Add a comment
The Purest Hook (Second Circle Tattoos #3),£12.25,1,In stock,Romance
The Picture of Dorian Gray,£29.70,2,In stock,Classics
The Paris Wife,£36.80,3,In stock,Default
The Obsession,£45.43,1,In stock,Romance
The Nightingale,£26.26,4,In stock,Fiction
The New Guy (and Other Senior Year Distractions),£44.92,3,In stock,Young Adult
The Nanny Diaries (Nanny #1),£52.53,5,In stock,Womens Fiction
The Name of God is Mercy,£37.25,2,In stock,Nonfiction
The Maze Runner (The Maze Runner #1),£20.93,1,In stock,Default
The Lover's Dictionary,£58.09,2,In stock,Default
The Lonely Ones,£43.59,5,In stock,Childrens
The Lean Startup: How Today's Entrepreneurs Use Continuous Innovation to Create Radically Successful Businesses,£33.92,3,In stock,Business
The Last Painting of Sara de Vos,£55.55,2,In stock,Historical Fiction
"The Land of 10,000 Madonnas",£29.64,4,In stock,Young Adult
The Infinities,£27.41,1,In stock,Fiction
The Husband's Secret,£52.51,5,In stock,Fiction
The Hitchhiker's Guide to the Galaxy (Hitchhiker's Guide to the Galaxy #1),£47.80,3,In stock,Add a comment
The Guns of August,£14.54,2,In stock,History
The Guernsey Literary and Potato Peel Pie Society,£49.53,1,In stock,Historical Fiction
The Goldfinch,£43.58,3,In stock,Default
The Giver (The Giver Quartet #1),£12.30,1,In stock,Default
The Girl with All the Gifts,£49.47,3,In stock,Horror
The Girl Who Played with Fire (Millennium Trilogy #2),£22.14,2,In stock,Default
The Girl Who Kicked the Hornet's Nest (Millennium Trilogy #3),£57.48,1,In stock,Add a comment
The Exiled,£43.45,3,In stock,Mystery
"The End of Faith: Religion, Terror, and the Future of Reason",£22.13,4,In stock,Add a comment
"The Elegant Universe: Superstrings, Hidden Dimensions, and the Quest for the Ultimate Theory",£13.03,4,In stock,Science
"The Disappearing Spoon: And Other True Tales of Madness, Love, and the History of the World from the Periodic Table of the Elements",£57.35,5,In stock,Science
The Devil Wears Prada (The Devil Wears Prada #1),£44.29,1,In stock,Womens Fiction
The Demon-Haunted World: Science as a Candle in the Dark,£52.25,4,In stock,Default
The Day the Crayons Came Home (Crayons),£26.33,5,In stock,Childrens
The Da Vinci Code (Robert Langdon #2),£22.96,2,In stock,Fiction
The Cuckoo's Calling (Cormoran Strike #1),£19.21,1,In stock,Mystery
The Complete Stories and Poems (The Works of Edgar Allan Poe [Cameo Edition]),£26.78,4,In stock,Classics
The Complete Poems,£41.32,5,In stock,Add a comment
The Catcher in the Rye,£24.55,1,In stock,Add a comment
The Cat in the Hat (Beginner Books B-1),£16.26,2,In stock,Childrens
The Case for Christ (Cases for Christianity),£47.84,1,In stock,Add a comment
The Book Thief,£53.49,2,In stock,Default
The Book of Basketball: The NBA According to The Sports Guy,£44.84,5,In stock,Sports and Games
The Blind Side: Evolution of a Game,£53.71,5,In stock,Add a comment
The Autobiography of Malcolm X,£23.43,2,In stock,Default
"The Art of Simple Food: Notes, Lessons, and Recipes from a Delicious Revolution",£34.32,3,In stock,Food and Drink
The Art of Fielding,£22.10,1,In stock,Fiction
"Surely You're Joking, Mr. Feynman!: Adventures of a Curious Character",£25.83,2,In stock,Science
Stiff: The Curious Lives of Human Cadavers,£36.74,3,In stock,Nonfiction
Spilled Milk: Based on a True Story,£49.51,1,In stock,Nonfiction
Something Borrowed (Darcy & Rachel #1),£48.96,5,In stock,Womens Fiction
Something Blue (Darcy & Rachel #2),£54.62,1,In stock,Womens Fiction
Soldier (Talon #3),£24.72,2,In stock,Fantasy
Shopaholic & Baby (Shopaholic #5),£46.45,2,In stock,Default
Seven Days in the Art World,£52.33,2,In stock,Add a comment
Seven Brief Lessons on Physics,£30.60,4,In stock,Science
Scarlet (The Lunar Chronicles #2),£14.57,4,In stock,Young Adult
Sarah's Key,£46.29,1,In stock,Add a comment
"Saga, Volume 3 (Saga (Collected Editions) #3)",£21.57,5,In stock,Sequential Art
Running with Scissors,£12.91,4,In stock,Autobiography
Rogue Lawyer (Rogue Lawyer #1),£50.11,3,In stock,Add a comment
"Rise of the Rocket Girls: The Women Who Propelled Us, from Missiles to the Moon to Mars",£41.67,4,In stock,Nonfiction
Rework,£44.88,2,In stock,Business
Reservations for Two,£11.10,3,In stock,Romance
Red: The True Story of Red Riding Hood,£28.54,3,In stock,Childrens
Ready Player One,£19.07,4,In stock,Science Fiction
Quiet: The Power of Introverts in a World That Can't Stop Talking,£43.55,1,In stock,Default
Prodigy: The Graphic Novel (Legend: The Graphic Novel #2),£43.63,3,In stock,Sequential Art
Persepolis: The Story of a Childhood (Persepolis #1-2),£39.13,1,In stock,Sequential Art
Packing for Mars: The Curious Science of Life in the Void,£56.68,2,In stock,Default
Outliers: The Story of Success,£14.16,1,In stock,Nonfiction
Original Fake,£31.45,3,In stock,Sequential Art
Orange Is the New Black,£24.61,2,In stock,Default
One for the Money (Stephanie Plum #1),£32.87,2,In stock,Default
Notes from a Small Island (Notes From a Small Island #1),£40.17,1,In stock,Nonfiction
Night (The Night Trilogy #1),£13.51,1,In stock,Nonfiction
Neither Here nor There: Travels in Europe,£38.95,3,In stock,Travel
Naked,£31.69,3,In stock,Humor
Morning Star (Red Rising #3),£29.40,1,In stock,Default
"Miracles from Heaven: A Little Girl, Her Journey to Heaven, and Her Amazing Story of Healing",£57.83,1,In stock,Nonfiction
Midnight Riot (Peter Grant/ Rivers of London - books #1),£55.46,2,In stock,Fantasy
Me Talk Pretty One Day,£57.60,2,In stock,Autobiography
Manuscript Found in Accra,£34.98,2,In stock,Add a comment
Lust & Wonder,£11.87,2,In stock,Autobiography
Lila (Gilead #3),£12.47,3,In stock,Fiction
"Life, the Universe and Everything (Hitchhiker's Guide to the Galaxy #3)",£33.26,2,In stock,Science Fiction
Life Without a Recipe,£59.04,5,In stock,Autobiography
Life After Life,£26.13,2,In stock,Default
Letter to a Christian Nation,£22.20,1,In stock,Nonfiction
Let's Pretend This Never Happened: A Mostly True Memoir,£45.11,1,In stock,Nonfiction
Legend (Legend #1),£43.69,4,In stock,Young Adult
"Lean In: Women, Work, and the Will to Lead",£25.02,1,In stock,Default
"Lamb: The Gospel According to Biff, Christ's Childhood Pal",£55.50,5,In stock,Humor
Lady Renegades (Rebel Belle #3),£53.04,5,In stock,Young Adult
Jurassic Park (Jurassic Park #1),£44.97,1,In stock,Fiction
It's Never Too Late to Begin Again: Discovering Creativity and Meaning at Midlife and Beyond,£42.38,1,In stock,Nonfiction
Is Everyone Hanging Out Without Me? (And Other Concerns),£20.11,3,In stock,Default
Into the Wild,£56.70,5,In stock,Nonfiction
Inferno (Robert Langdon #4),£41.00,5,In stock,Fiction
"In the Garden of Beasts: Love, Terror, and an American Family in Hitler's Berlin",£28.85,3,In stock,Nonfiction
If I Run (If I Run #1),£49.97,4,In stock,Christian Fiction
I've Got Your Number,£19.69,1,In stock,Womens Fiction
I Am Malala: The Girl Who Stood Up for Education and Was Shot by the Taliban,£28.88,2,In stock,Nonfiction
Hungry Girl Clean & Hungry: Easy All-Natural Recipes for Healthy Eating in the Real World,£33.14,3,In stock,Food and Drink
"House of Lost Worlds: Dinosaurs, Dynasties, and the Story of Life on Earth",£43.70,2,In stock,History
House of Leaves,£54.89,1,In stock,Horror
Horrible Bear!,£37.52,2,In stock,Childrens
Holidays on Ice,£51.07,2,In stock,Humor
Heir to the Sky,£44.07,4,In stock,Fantasy
Green Eggs and Ham (Beginner Books B-16),£10.79,4,In stock,Childrens
"Grayson, Vol 3: Nemesis (Grayson #3)",£42.72,1,In stock,Sequential Art
Gratitude,£26.66,5,In stock,Nonfiction
Gone Girl,£37.60,5,In stock,Default
Golden (Heart of Dread #3),£42.21,4,In stock,Young Adult
Girl in the Blue Coat,£46.83,2,In stock,Historical Fiction
"Fruits Basket, Vol. 3 (Fruits Basket #3)",£45.17,2,In stock,Sequential Art
"Friday Night Lights: A Town, a Team, and a Dream",£51.22,3,In stock,Sports and Games
Fire Bound (Sea Haven/Sisters of the Heart #5),£21.28,4,In stock,Add a comment
Fifty Shades Freed (Fifty Shades #3),£15.36,5,In stock,Adult Fiction
Fellside,£38.62,1,In stock,Default
Extreme Prey (Lucas Davenport #26),£25.40,3,In stock,Mystery
Eragon (The Inheritance Cycle #1),£43.87,3,In stock,Fantasy
Eclipse (Twilight #3),£18.74,1,In stock,Default
Dune (Dune #1),£54.86,1,In stock,Science Fiction
Dracula,£52.62,3,In stock,Default
Do Androids Dream of Electric Sheep? (Blade Runner #1),£51.48,1,In stock,Science Fiction
Disrupted: My Misadventure in the Start-Up Bubble,£15.28,5,In stock,Nonfiction
Dead Wake: The Last Crossing of the Lusitania,£39.24,5,In stock,Default
"David and Goliath: Underdogs, Misfits, and the Art of Battling Giants",£17.81,1,In stock,Default
Darkfever (Fever #1),£56.02,1,In stock,Fantasy
Dark Places,£23.90,5,In stock,Default
Crazy Rich Asians (Crazy Rich Asians #1),£49.13,5,In stock,Fiction
Counting Thyme,£10.62,1,In stock,Childrens
Cosmos,£36.17,2,In stock,Add a comment
Civilization and Its Discontents,£59.95,2,In stock,Psychology
Cinder (The Lunar Chronicles #1),£26.09,1,In stock,Young Adult
Catastrophic Happiness: Finding Joy in Childhood's Messy Years,£37.35,2,In stock,Parenting
Career of Evil (Cormoran Strike #3),£24.72,2,In stock,Mystery
Breaking Dawn (Twilight #4),£35.28,5,In stock,Default
Brave Enough,£51.32,5,In stock,Nonfiction
Boy Meets Boy,£21.12,3,In stock,Young Adult
"Born to Run: A Hidden Tribe, Superathletes, and the Greatest Race the World Has Never Seen",£27.35,2,In stock,Nonfiction
Blink: The Power of Thinking Without Thinking,£21.74,5,In stock,Nonfiction
Black Flags: The Rise of ISIS,£40.87,1,In stock,Nonfiction
"Black Butler, Vol. 1 (Black Butler #1)",£49.31,1,In stock,Sequential Art
Big Little Lies,£22.11,1,In stock,Fiction
Between Shades of Gray,£20.79,5,In stock,Historical Fiction
Best of My Love (Fool's Gold #20),£27.41,2,In stock,Romance
Beowulf,£38.35,2,In stock,Classics
Beautiful Creatures (Caster Chronicles #1),£21.55,5,In stock,Default
Awkward,£38.02,2,In stock,Sequential Art
Ash,£22.06,4,In stock,Fantasy
Are We There Yet?,£10.66,3,In stock,Childrens
Are We Smart Enough to Know How Smart Animals Are?,£56.58,1,In stock,Nonfiction
Annie on My Mind,£36.83,5,In stock,Young Adult
And Then There Were None,£35.01,2,In stock,Classics
A Walk in the Woods: Rediscovering America on the Appalachian Trail,£30.48,4,In stock,Nonfiction
A Visit from the Goon Squad,£14.08,5,In stock,Default
A Storm of Swords (A Song of Ice and Fire #3),£31.22,2,In stock,Fantasy
A Heartbreaking Work of Staggering Genius,£54.29,5,In stock,Autobiography
8 Keys to Mental Health Through Exercise,£31.04,1,In stock,Psychology
#GIRLBOSS,£50.96,1,In stock,Add a comment
"The Suffragettes (Little Black Classics, #96)",£11.89,2,In stock,Nonfiction
The Sense of an Ending,£31.38,3,In stock,Add a comment
"The Sandman, Vol. 2: The Doll's House (The Sandman (volumes) #2)",£54.81,1,In stock,Sequential Art
The Course of Love,£16.78,3,In stock,Fiction
Sugar Rush (Offensive Line #2),£24.42,1,In stock,Sports and Games
"Saga, Volume 2 (Saga (Collected Editions) #2)",£11.75,3,In stock,Sequential Art
"Run, Spot, Run: The Ethics of Keeping Pets",£20.02,1,In stock,Philosophy
New Moon (Twilight #2),£12.86,4,In stock,Young Adult
Life,£31.58,5,In stock,Music
Kindle Paperwhite User's Guide,£34.00,3,In stock,Nonfiction
H is for Hawk,£57.42,5,In stock,Nonfiction
Girl Online On Tour (Girl Online #2),£53.47,1,In stock,Young Adult
"Fruits Basket, Vol. 2 (Fruits Basket #2)",£11.64,5,In stock,Sequential Art
Diary of a Minecraft Zombie Book 1: A Scare of a Dare (An Unofficial Minecraft Book),£52.88,4,In stock,Childrens
"Y: The Last Man, Vol. 1: Unmanned (Y: The Last Man #1)",£18.51,4,In stock,Sequential Art
While You Were Mine,£41.32,5,In stock,Historical Fiction
Where Lightning Strikes (Bleeding Stars #3),£39.77,3,In stock,Romance
When I'm Gone,£51.96,3,In stock,Fiction
Ways of Seeing,£39.51,5,In stock,Art
"Vampire Knight, Vol. 1 (Vampire Knight #1)",£15.40,1,In stock,Paranormal
Vampire Girl (Vampire Girl #1),£53.82,2,In stock,Fantasy
Twenty Love Poems and a Song of Despair,£30.95,4,In stock,Poetry
Travels with Charley: In Search of America,£57.82,5,In stock,Nonfiction
Three Wishes (River of Time: California #1),£44.18,2,In stock,Science Fiction
This One Moment (Pushing Limits #1),£48.71,1,In stock,Romance
The Zombie Room,£19.69,5,In stock,Default
"The Wicked + The Divine, Vol. 1: The Faust Act (The Wicked + The Divine)",£36.52,2,In stock,Sequential Art
The Tumor,£41.56,5,In stock,Nonfiction
The Story of Hong Gildong,£43.19,4,In stock,Classics
The Silent Wife,£12.34,5,In stock,Fiction
The Silent Twin (Detective Jennifer Knight #3),£36.25,3,In stock,Fantasy
The Selfish Gene,£29.45,1,In stock,Science
The Secret Healer,£34.56,3,In stock,Historical Fiction
"The Sandman, Vol. 1: Preludes and Nocturnes (The Sandman (volumes) #1)",£54.12,3,In stock,Sequential Art
The Republic,£33.78,3,In stock,Add a comment
The Odyssey,£29.64,3,In stock,Add a comment
The No. 1 Ladies' Detective Agency (No. 1 Ladies' Detective Agency #1),£57.70,4,In stock,Mystery
The Nicomachean Ethics,£36.34,1,In stock,Philosophy
The Name of the Wind (The Kingkiller Chronicle #1),£50.59,3,In stock,Default
The Mirror & the Maze (The Wrath and the Dawn #1.5),£29.38,1,In stock,Fantasy
The Little Prince,£45.42,2,In stock,Classics
The Light of the Fireflies,£54.43,1,In stock,Add a comment
The Last Girl (The Dominion Trilogy #1),£36.26,2,In stock,Science Fiction
The Iliad,£16.16,1,In stock,Add a comment
The Hook Up (Game On #1),£36.29,5,In stock,New Adult
The Haters,£27.89,5,In stock,Young Adult
The Girl You Lost,£12.29,5,In stock,Mystery
The Girl In The Ice (DCI Erika Foster #1),£15.85,3,In stock,Mystery
The End of the Jesus Era (An Investigation #1),£14.40,1,In stock,Nonfiction
The Edge of Reason (Bridget Jones #2),£19.18,4,In stock,Womens Fiction
The Complete Maus (Maus #1-2),£10.64,3,In stock,Sequential Art
The Communist Manifesto,£14.76,3,In stock,Add a comment
The Bhagavad Gita,£57.49,3,In stock,Religion
The Bette Davis Club,£30.66,3,In stock,Fiction
The Art of Not Breathing,£40.83,4,In stock,Young Adult
Taking Shots (Assassins #1),£18.88,2,In stock,Default
Starlark,£25.83,3,In stock,Historical Fiction
"Skip Beat!, Vol. 01 (Skip Beat! #1)",£42.12,3,In stock,Sequential Art
Sister Sable (The Mad Queen #1),£13.33,3,In stock,Fantasy
Shatter Me (Shatter Me #1),£42.40,1,In stock,Default
Shameless,£58.35,3,In stock,New Adult
Shadow Rites (Jane Yellowrock #10),£21.72,4,In stock,Fantasy
Settling the Score (The Summer Games #1),£44.91,2,In stock,Sports and Games
Sense and Sensibility,£37.46,1,In stock,Classics
"Saga, Volume 1 (Saga (Collected Editions) #1)",£28.48,1,In stock,Sequential Art
"Rhythm, Chord & Malykhin",£28.34,2,In stock,Romance
"Rat Queens, Vol. 1: Sass & Sorcery (Rat Queens (Collected Editions) #1-5)",£46.96,5,In stock,Sequential Art
Paradise Lost (Paradise #1),£24.96,1,In stock,Default
"Paper Girls, Vol. 1 (Paper Girls #1-5)",£21.71,4,In stock,Sequential Art
"Ouran High School Host Club, Vol. 1 (Ouran High School Host Club #1)",£29.87,3,In stock,Sequential Art
Origins (Alphas 0.5),£28.99,1,In stock,Fantasy
One Second (Seven #7),£52.94,2,In stock,Fantasy
On the Road (Duluoz Legend),£32.36,3,In stock,Default
Old Records Never Die: One Man's Quest for His Vinyl and His Past,£55.66,2,In stock,Music
Off Sides (Off #1),£39.45,5,In stock,New Adult
Of Mice and Men,£47.11,2,In stock,Classics
Myriad (Prentor #1),£58.75,4,In stock,Fantasy
My Perfect Mistake (Over the Top #1),£38.92,2,In stock,Romance
"Ms. Marvel, Vol. 1: No Normal (Ms. Marvel (2014-2015) #1)",£39.39,4,In stock,Sequential Art
Meditations,£25.89,2,In stock,Philosophy
Matilda,£28.34,1,In stock,Childrens
Lost Among the Living,£27.70,4,In stock,Historical Fiction
Lord of the Flies,£24.89,3,In stock,Add a comment
Listen to Me (Fusion #1),£58.99,3,In stock,Romance
Kitchens of the Great Midwest,£57.20,5,In stock,Fiction
Jane Eyre,£38.43,5,In stock,Default
Imperfect Harmony,£34.74,4,In stock,Romance
Icing (Aces Hockey #2),£40.44,4,In stock,Sports and Games
"Hawkeye, Vol. 1: My Life as a Weapon (Hawkeye #1)",£45.24,3,In stock,Sequential Art
Having the Barbarian's Baby (Ice Planet Barbarians #7.5),£34.96,4,In stock,Science Fiction
"Giant Days, Vol. 1 (Giant Days #1-4)",£56.76,4,In stock,Sequential Art
"Fruits Basket, Vol. 1 (Fruits Basket #1)",£40.28,5,In stock,Sequential Art
